{"nextId":29,"grades":[{"id":5,"student":"John Petrucci","subject":"02 - Node","type":"Trabalho Prático","value":12,"timestamp":"2020-06-07T17:14:48.994Z"},{"id":6,"student":"John Petrucci","subject":"03 - React","type":"Trabalho Prático","value":17,"timestamp":"2020-06-07T17:14:49.042Z"},{"id":7,"student":"John Petrucci","subject":"01 - JavaScript","type":"Desafio","value":15,"timestamp":"2020-06-07T18:06:39.660Z","studentLowerCase":"john petrucci","subjectLowerCase":"01 - javascript","typeLowerCase":"desafio","isDeleted":false},{"id":9,"student":"John Petrucci","subject":"03 - React","type":"Desafio","value":33,"timestamp":"2020-06-07T17:14:49.108Z"},{"id":12,"student":"Mike Portnoy","subject":"03 - React","type":"Exercícios","value":4,"timestamp":"2020-06-07T17:14:49.162Z"},{"id":13,"student":"Mike Portnoy","subject":"01 - JavaScript","type":"Trabalho Prático","value":21,"timestamp":"2020-06-07T17:14:49.175Z"},{"id":14,"student":"Mike Portnoy","subject":"02 - Node","type":"Trabalho Prático","value":17,"timestamp":"2020-06-07T17:14:49.186Z"},{"id":15,"student":"Mike Portnoy","subject":"03 - React","type":"Trabalho Prático","value":3,"timestamp":"2020-06-07T17:14:49.211Z"},{"id":16,"student":"Mike Portnoy","subject":"01 - JavaScript","type":"Desafio","value":23,"timestamp":"2020-06-07T17:14:49.226Z"},{"id":17,"student":"Mike Portnoy","subject":"02 - Node","type":"Desafio","value":47,"timestamp":"2020-06-07T17:14:49.247Z"},{"id":18,"student":"Mike Portnoy","subject":"03 - React","type":"Desafio","value":22,"timestamp":"2020-06-07T17:14:49.265Z"},{"id":19,"student":"Neal Morse","subject":"01 - JavaScript","type":"Exercícios","value":7,"timestamp":"2020-06-07T17:14:49.283Z"},{"id":20,"student":"Neal Morse","subject":"02 - Node","type":"Exercícios","value":2,"timestamp":"2020-06-07T17:14:49.308Z"},{"id":21,"student":"Neal Morse","subject":"03 - React","type":"Exercícios","value":7,"timestamp":"2020-06-07T17:14:49.330Z"},{"id":22,"student":"Neal Morse","subject":"01 - JavaScript","type":"Trabalho Prático","value":13,"timestamp":"2020-06-07T17:14:49.355Z"},{"id":23,"student":"Neal Morse","subject":"02 - Node","type":"Trabalho Prático","value":11,"timestamp":"2020-06-07T17:14:49.397Z"},{"id":24,"student":"Neal Morse","subject":"03 - React","type":"Trabalho Prático","value":33,"timestamp":"2020-06-07T17:14:49.422Z"},{"id":25,"student":"Neal Morse","subject":"01 - JavaScript","type":"Desafio","value":45,"timestamp":"2020-06-07T17:14:49.438Z"},{"id":26,"student":"Neal Morse","subject":"02 - Node","type":"Desafio","value":25,"timestamp":"2020-06-07T17:14:49.459Z"},{"id":27,"student":"Neal Morse","subject":"03 - React","type":"Desafio","value":4,"timestamp":"2020-06-07T17:14:49.475Z"},{"id":32,"student":"John Petrucci","studentLowerCase":"john petrucci","subject":"01 - JavaScript","subjectLowerCase":"01 - javascript","type":"Exercícios","typeLowerCase":"exercícios","value":6,"isDeleted":false,"timestamp":"2020-06-07T18:05:47.627Z"}]}